id,assetFamily,priority,gapKind,existingQuantity,quantityUnit,missingQuantityEstimate,revisionQuantityEstimate,desiredNativeResolution,animationRequirement,pipelineApplicability,currentConsumer,mechanicsDependencies,estimationAssumptions,acceptance,existingAssetIds,evidenceSources,parentEvidence,codeEvidence,crossDisciplineNote
ART-01,Qualified strategic specialist identities,P1,dedicated-role-gap,0,single-frame qualified sprites,"{""minimumDistinctSharedPilot"": 4, ""fullQualifiedRollout"": 96}",0,"64x64 (skirmisher/arbalester/halberdier), 96x96 (lancer); existing foot/mount pivots",Static se first; idle only after identity review,"{""Blender"": ""Reuse the existing four battle rigs only as source/reference; change camera/materials to strategic culture grammar, not raw battle-sheet copying"", ""PixelFactory"": ""Aseprite/native palette finish; paf pixelate cannot author the 96 identities"", ""handReview"": ""Required: weapons, handedness, silhouette, 24-culture source/native/runtime review""}","Current recruitment/cards/map select SHARED_UNIT_ART: two scout aliases, one spearman alias, one cavalry alias",Extend qualified-role registry/bindings; retain generic fallbacks and exact content IDs,"Four playable specialist roles x 24 cultures = 96 dedicated qualified sprites if full parity is commissioned. A 4-sprite shared specialist pilot can correct immediate role ambiguity, but does not provide 96 culture identities. Current battle already has all four distinct role sets; no new mechanical unit is requested.",Skirmisher javelin vs arbalester crossbow; halberd blade vs pike; lancer lance vs riding sword identifiable at UI/map use size; preserve old approvals until replacements reviewed,"[""battle.unit.skirmisher"", ""battle.unit.arbalester"", ""battle.unit.halberdier"", ""battle.unit.lancer""]","[""inventory.json"", ""art-report.md""]",,,
ART-02,Shared battlefield silhouette/material refinement,P1,quality-revision,13,shared animated role sets,0,"{""pilot"": 3, ""maximum"": 13}",64x64 foot; 96x96 mounts/hulls; unchanged pivots,"Preserve current two e/w facings x five states; 64 frames/set, 832 existing frames","{""Blender"": ""Best fit: existing editable rigs, fixed whole-motion camera; refine construction and upper-left material values"", ""PixelFactory"": ""Controlled reduction followed by deliberate Aseprite cluster/outline finishing; exact native hashes"", ""handReview"": ""Required: inspect every revised clip at 1x/4x and live Fit/detail, not just frame 0""}","All 13 battle.unit roles have actual movement, attacks, casualties and naval events",None for art revisions; publication/import and memory regression gates required,"Audit saw thinner rod-like limbs, edge-on shields and flatter heads/materials than strategic art. Start guard/cavalry/transport; do not declare all 832 frames defective. Shared silhouettes are intentional, not 312 missing culture sets.",Keep motion articulation and casualty identity; role readability and world material cohesion must improve without raising native size by default,"[""battle.unit.arbalester"", ""battle.unit.cavalry"", ""battle.unit.coastal_warship"", ""battle.unit.colonist"", ""battle.unit.guard"", ""battle.unit.halberdier"", ""battle.unit.heavy_infantry"", ""battle.unit.lancer"", ""battle.unit.ocean_warship"", ""battle.unit.scout"", ""battle.unit.skirmisher"", ""battle.unit.spearman"", ""battle.unit.transport""]","[""inventory.json"", ""art-report.md""]",,,
ART-03,Biome base/variant value cohesion,P1,quality-revision,36,engine-bound biome tiles,0,"{""initial"": 5, ""reviewScope"": 36}",64x64 pointy-hex native; existing runtime regular-hex fitting,Static,"{""Blender"": ""Optional terrain mass/reference render only; not required for a palette/value correction"", ""PixelFactory"": ""Native pixel re-authoring/versioned sources; fixed palette; no arbitrary global recolor of approved atlas"", ""handReview"": ""Required original-versus-variants, native mixed-repeat and real map/fog views""}",12 current biomes use original+variant1+variant2,No new biome rules; preserve deterministic seed/cell choice and physical geography,"Initial 5 base tiles to triage: desert, grassland, alpine, taiga and ocean. The inspected desert is orange against muted sand variants; the alpine original has larger, high-contrast snow-covered peaks against lower rocky variants. Review all 36; revise only demonstrated mismatches. This is not a technical validation failure.","Large regions should read as continuous materials, not alternating unrelated stamps; no silent palette expansion","[""terrain.alpine"", ""terrain.alpine.variant_1"", ""terrain.alpine.variant_2"", ""terrain.ash_scrub"", ""terrain.ash_scrub.variant_1"", ""terrain.ash_scrub.variant_2"", ""terrain.chalkland"", ""terrain.chalkland.variant_1"", ""terrain.chalkland.variant_2"", ""terrain.desert"", ""terrain.desert.variant_1"", ""terrain.desert.variant_2"", ""terrain.grassland"", ""terrain.grassland.variant_1"", ""terrain.grassland.variant_2"", ""terrain.marsh"", ""terrain.marsh.variant_1"", ""terrain.marsh.variant_2"", ""terrain.ocean"", ""terrain.ocean.variant_1"", ""terrain.ocean.variant_2"", ""terrain.rainforest"", ""terrain.rainforest.variant_1"", ""terrain.rainforest.variant_2"", ""terrain.steppe"", ""terrain.steppe.variant_1"", ""terrain.steppe.variant_2"", ""terrain.taiga"", ""terrain.taiga.variant_1"", ""terrain.taiga.variant_2"", ""terrain.temperate_forest"", ""terrain.temperate_forest.variant_1"", ""terrain.temperate_forest.variant_2"", ""terrain.tundra"", ""terrain.tundra.variant_1"", ""terrain.tundra.variant_2""]","[""inventory.json"", ""art-report.md""]",,,
ART-04,"Shore, banks, road and biome interface kit",P1,current-feature-native-gap,0,bound modular overlay primitives,"{""minimumPilot"": 6, ""starter"": 30, ""upperPlanning"": 48}",0,64x64 shared center/edge ordering; canvas must fit current radius 29 projection,Static initially,"{""Blender"": ""Optional bank/cliff source geometry; hand-authored 2D masks better for topology"", ""PixelFactory"": ""Aseprite/Python mask authoring; paf has no adjacency generator or edge validator"", ""handReview"": ""Required seam/three-way-junction/known-fog/river-continuity map tests""}",Current rivers/roads/lakes/coastal water are procedural renderer features; five old terrain overlay assets are published but NOT live-bound,"New presentation adapter/mask compositor; no change to hex topology, movement, river/crossing rules",Starter 30 = 6 coast edges + 6 coast corners + 6 biome edges + 6 river-bank pieces + 6 road/bank joining pieces. Exact adjacency reduction remains a design/QA task; not a claim all edge combinations fit 30. Begin with a 6-piece coast-edge pilot on the current regular-hex projection; reject or revise that pilot before scaling the kit.,No cracks/double-dark seams; roads/rivers remain observation-derived. Keep current procedural rendering as a correct fallback,"[""terrain.coast"", ""terrain.river"", ""terrain.road"", ""terrain.transitions"", ""terrain.hills""]","[""inventory.json"", ""art-report.md""]",,,
ART-05,Art contracts and current coverage documentation,P1,pipeline-documentation-gap,1,synchronized contract set,0,"{""documentsMinimum"": 3}",No image production,State current battle e/w multi-state and strategic se/static separately,"{""Blender"": ""Update only when authorized; factory stock remains a study"", ""PixelFactory"": ""No processing required"", ""handReview"": ""Editorial cross-check against runtime/native inventory""}",Production decisions currently rely on contradictory docs,None,"THEANDRIL_ART_BIBLE still says 12 cultures / 216 qualified assets, lacks new works/battle state. docs/art/README line 8 still calls CLI single-facing/idle despite sourceClips support. Installed compact guide also describes 12 current + 12 proposed. This audit changes none of them.",One current art contract links historical checkpoints instead of letting historical totals appear current,[],"[""inventory.json"", ""art-report.md""]",,,
ART-06,Battle effects and Waykeeper cast polish,P2,quality-and-state-extension,6,shared sprite sets,0,"{""pilot"": 2, ""maximum"": 6}","64x64; effects pivot (32,32) and Waykeeper (32,56)",Existing five effects + Waykeeper: 8 x 100 ms se one-shot each; optional idle must be an explicit new clip,"{""Blender"": ""Existing project effect/Waykeeper object-keyed recipes; do not mislabel Waykeeper as a full weighted unit rig"", ""PixelFactory"": ""Real Snapper and Aseprite exports already present; manual pixel read"", ""handReview"": ""Required effect silhouette, cast anticipation/recovery and light/dark readability""}",Current melee/projectile/rally/Cinder thread/Bound ward and Waykeeper cast consumers,New idle tag/consumer needed if adding separate idle; no new spells,No missing effects for the currently implemented two spells. Refine representative caster/impact only if live review warrants it.,Effects legible without obscuring targets; no inferred additional magic schools,"[""character.waykeeper"", ""effect.battle_melee"", ""effect.battle_projectile"", ""effect.battle_ember"", ""effect.battle_ward"", ""effect.battle_rally""]","[""inventory.json"", ""art-report.md""]",,,
ART-07,Waykeeper appointment/roster binding and dedicated identity,P1,confirmed-current-consumer-binding-gap,1,binding repair and optional sprite expansion,"{""immediateNewAssetsRequired"": 0, ""recommendedIdlePortraitPilot"": 1, ""optionalQualifiedCultureRollout"": 24}",0,"64x64 at (32,56)",Immediate fix: display one approved still from the existing shared cast. An optional dedicated idle clip must be authored and bound explicitly; preserve the current battle cast.,"{""Blender"": ""Optional source rig adaptation by culture; not automatic tints"", ""PixelFactory"": ""Aseprite palette/cluster finish"", ""handReview"": ""Required: truthful role image in actual paid appointment and attached-agent views; optional culture expansion preserves all 24 culture motifs.""}","Fresh parent Campaign A: Small / 12 cultures / Continents / seed 20260909, Ashen turn 20. After paid Contained ember projection and first own Waykeeper appointment, Edrin Coalstead 2 displays pawn icons labelled Generic in both roster and character sheet.",No new gameplay. loadFactionArtFrame rejects an unqualified role before attempting shared fallback; factionArtId does not register character.waykeeper. Repair the UI route and review a still from the existing approved shared caster before commissioning new art. Characters accompany armies/settlements; do not invent independent map-unit mechanics.,"Immediate binding repair can reuse the existing 64x64 approved caster: zero new images are technically required. One explicit idle/portrait pilot would improve presentation. A subsequent 24-culture Waykeeper set is optional P2 expansion, not the reason the present Generic defect must wait.","Paid appointment, roster row, selected character sheet and attached-agent views display a truthful approved role image without a Generic pawn. Verify Ashen and a second culture, missing-art fallback and deferred-page memory. Preserve the existing cast animation and canonical state.","[""character.waykeeper""]","[""inventory.json"", ""art-report.md""]","[""docs/hermes-analysis/ui/24-waykeeper-appointment.png"", ""docs/hermes-analysis/ui/24-waykeeper-appointment.txt"", ""docs/hermes-analysis/ui/24-waykeeper-appointment.json""]","[""apps/web/src/faction-art.tsx:68-82"", ""apps/web/src/faction-art.tsx:137-151"", ""apps/web/src/characters.tsx:32-43,79,98"", ""packages/art-pipeline/src/faction-art.ts:8-18""]",
ART-08,Published culture strategic kit completeness,P2,complete-with-targeted-polish,432,qualified assets,0,"{""targeted"": 0, ""reviewScope"": 432}",Existing 32/64/96/128 square contracts,"431 static, one 4-frame scout idle; do not request unused walk/death for UI crests","{""Blender"": ""Only target a concrete silhouette revision, not regenerating whole families"", ""PixelFactory"": ""Keep exact originals and editable exports"", ""handReview"": ""Review gaps only; this audit samples families, not all 432 assets""}",All 24 x 18 common roles registered; role aliases handled in ART-01,None,Do not treat 24 new kingdoms/seats as extra art cultures. Existing city/village/hull concepts are valuable.,"Retain upper-left muted materials, distinct silhouettes, original cultural marks and complete extremities","[""character.engineer.ashen_compact"", ""character.engineer.brine_choir"", ""character.engineer.cairnwing_concord"", ""character.engineer.cinder_march"", ""character.engineer.cistern_assembly"", ""character.engineer.emberwake_convocation"", ""character.engineer.glass_tide"", ""character.engineer.iron_covenant"", ""character.engineer.lantern_hospices"", ""character.engineer.manytrack_moot"", ""character.engineer.margin_observance"", ""character.engineer.mire_courts"", ""character.engineer.morrow_spore"", ""character.engineer.red_sluice"", ""character.engineer.reedbound_council"", ""character.engineer.rimehorn_clans"", ""character.engineer.sable_steppe"", ""character.engineer.saltwind_remnant"", ""character.engineer.sepulchral_synod"", ""character.engineer.underhush_exchange"", ""character.engineer.unsealed_companies"", ""character.engineer.velvet_meridian"", ""character.engineer.vesper_court"", ""character.engineer.wardhall_remnant"", ""character.marshal.ashen_compact"", ""character.marshal.brine_choir"", ""character.marshal.cairnwing_concord"", ""character.marshal.cinder_march"", ""character.marshal.cistern_assembly"", ""character.marshal.emberwake_convocation"", ""character.marshal.glass_tide"", ""character.marshal.iron_covenant"", ""character.marshal.lantern_hospices"", ""character.marshal.manytrack_moot"", ""character.marshal.margin_observance"", ""character.marshal.mire_courts"", ""character.marshal.morrow_spore"", ""character.marshal.red_sluice"", ""character.marshal.reedbound_council"", ""character.marshal.rimehorn_clans"", ""character.marshal.sable_steppe"", ""character.marshal.saltwind_remnant"", ""character.marshal.sepulchral_synod"", ""character.marshal.underhush_exchange"", ""character.marshal.unsealed_companies"", ""character.marshal.velvet_meridian"", ""character.marshal.vesper_court"", ""character.marshal.wardhall_remnant"", ""character.surveyor.ashen_compact"", ""character.surveyor.brine_choir"", ""character.surveyor.cairnwing_concord"", ""character.surveyor.cinder_march"", ""character.surveyor.cistern_assembly"", ""character.surveyor.emberwake_convocation"", ""character.surveyor.glass_tide"", ""character.surveyor.iron_covenant"", ""character.surveyor.lantern_hospices"", ""character.surveyor.manytrack_moot"", ""character.surveyor.margin_observance"", ""character.surveyor.mire_courts"", ""character.surveyor.morrow_spore"", ""character.surveyor.red_sluice"", ""character.surveyor.reedbound_council"", ""character.surveyor.rimehorn_clans"", ""character.surveyor.sable_steppe"", ""character.surveyor.saltwind_remnant"", ""character.surveyor.sepulchral_synod"", ""character.surveyor.underhush_exchange"", ""character.surveyor.unsealed_companies"", ""character.surveyor.velvet_meridian"", ""character.surveyor.vesper_court"", ""character.surveyor.wardhall_remnant"", ""settlement.city.ashen_compact"", ""settlement.city.brine_choir"", ""settlement.city.cairnwing_concord"", ""settlement.city.cinder_march"", ""settlement.city.cistern_assembly"", ""settlement.city.emberwake_convocation"", ""settlement.city.glass_tide"", ""settlement.city.iron_covenant"", ""settlement.city.lantern_hospices"", ""settlement.city.manytrack_moot"", ""settlement.city.margin_observance"", ""settlement.city.mire_courts"", ""settlement.city.morrow_spore"", ""settlement.city.red_sluice"", ""settlement.city.reedbound_council"", ""settlement.city.rimehorn_clans"", ""settlement.city.sable_steppe"", ""settlement.city.saltwind_remnant"", ""settlement.city.sepulchral_synod"", ""settlement.city.underhush_exchange"", ""settlement.city.unsealed_companies"", ""settlement.city.velvet_meridian"", ""settlement.city.vesper_court"", ""settlement.city.wardhall_remnant"", ""settlement.town.ashen_compact"", ""settlement.town.brine_choir"", ""settlement.town.cairnwing_concord"", ""settlement.town.cinder_march"", ""settlement.town.cistern_assembly"", ""settlement.town.emberwake_convocation"", ""settlement.town.glass_tide"", ""settlement.town.iron_covenant"", ""settlement.town.lantern_hospices"", ""settlement.town.manytrack_moot"", ""settlement.town.margin_observance"", ""settlement.town.mire_courts"", ""settlement.town.morrow_spore"", ""settlement.town.red_sluice"", ""settlement.town.reedbound_council"", ""settlement.town.rimehorn_clans"", ""settlement.town.sable_steppe"", ""settlement.town.saltwind_remnant"", ""settlement.town.sepulchral_synod"", ""settlement.town.underhush_exchange"", ""settlement.town.unsealed_companies"", ""settlement.town.velvet_meridian"", ""settlement.town.vesper_court"", ""settlement.town.wardhall_remnant"", ""settlement.village.ashen_compact"", ""settlement.village.brine_choir"", ""settlement.village.cairnwing_concord"", ""settlement.village.cinder_march"", ""settlement.village.cistern_assembly"", ""settlement.village.emberwake_convocation"", ""settlement.village.glass_tide"", ""settlement.village.iron_covenant"", ""settlement.village.lantern_hospices"", ""settlement.village.manytrack_moot"", ""settlement.village.margin_observance"", ""settlement.village.mire_courts"", ""settlement.village.morrow_spore"", ""settlement.village.red_sluice"", ""settlement.village.reedbound_council"", ""settlement.village.rimehorn_clans"", ""settlement.village.sable_steppe"", ""settlement.village.saltwind_remnant"", ""settlement.village.sepulchral_synod"", ""settlement.village.underhush_exchange"", ""settlement.village.unsealed_companies"", ""settlement.village.velvet_meridian"", ""settlement.village.vesper_court"", ""settlement.village.wardhall_remnant"", ""ui.badge.ashen_compact"", ""ui.badge.brine_choir"", ""ui.badge.cairnwing_concord"", ""ui.badge.cinder_march"", ""ui.badge.cistern_assembly"", ""ui.badge.emberwake_convocation"", ""ui.badge.glass_tide"", ""ui.badge.iron_covenant"", ""ui.badge.lantern_hospices"", ""ui.badge.manytrack_moot"", ""ui.badge.margin_observance"", ""ui.badge.mire_courts"", ""ui.badge.morrow_spore"", ""ui.badge.red_sluice"", ""ui.badge.reedbound_council"", ""ui.badge.rimehorn_clans"", ""ui.badge.sable_steppe"", ""ui.badge.saltwind_remnant"", ""ui.badge.sepulchral_synod"", ""ui.badge.underhush_exchange"", ""ui.badge.unsealed_companies"", ""ui.badge.velvet_meridian"", ""ui.badge.vesper_court"", ""ui.badge.wardhall_remnant"", ""ui.banner.ashen_compact"", ""ui.banner.brine_choir"", ""ui.banner.cairnwing_concord"", ""ui.banner.cinder_march"", ""ui.banner.cistern_assembly"", ""ui.banner.emberwake_convocation"", ""ui.banner.glass_tide"", ""ui.banner.iron_covenant"", ""ui.banner.lantern_hospices"", ""ui.banner.manytrack_moot"", ""ui.banner.margin_observance"", ""ui.banner.mire_courts"", ""ui.banner.morrow_spore"", ""ui.banner.red_sluice"", ""ui.banner.reedbound_council"", ""ui.banner.rimehorn_clans"", ""ui.banner.sable_steppe"", ""ui.banner.saltwind_remnant"", ""ui.banner.sepulchral_synod"", ""ui.banner.underhush_exchange"", ""ui.banner.unsealed_companies"", ""ui.banner.velvet_meridian"", ""ui.banner.vesper_court"", ""ui.banner.wardhall_remnant"", ""ui.crest.ashen_compact"", ""ui.crest.brine_choir"", ""ui.crest.cairnwing_concord"", ""ui.crest.cinder_march"", ""ui.crest.cistern_assembly"", ""ui.crest.emberwake_convocation"", ""ui.crest.glass_tide"", ""ui.crest.iron_covenant"", ""ui.crest.lantern_hospices"", ""ui.crest.manytrack_moot"", ""ui.crest.margin_observance"", ""ui.crest.mire_courts"", ""ui.crest.morrow_spore"", ""ui.crest.red_sluice"", ""ui.crest.reedbound_council"", ""ui.crest.rimehorn_clans"", ""ui.crest.sable_steppe"", ""ui.crest.saltwind_remnant"", ""ui.crest.sepulchral_synod"", ""ui.crest.underhush_exchange"", ""ui.crest.unsealed_companies"", ""ui.crest.velvet_meridian"", ""ui.crest.vesper_court"", ""ui.crest.wardhall_remnant"", ""unit.cavalry.ashen_compact"", ""unit.cavalry.brine_choir"", ""unit.cavalry.cairnwing_concord"", ""unit.cavalry.cinder_march"", ""unit.cavalry.cistern_assembly"", ""unit.cavalry.emberwake_convocation"", ""unit.cavalry.glass_tide"", ""unit.cavalry.iron_covenant"", ""unit.cavalry.lantern_hospices"", ""unit.cavalry.manytrack_moot"", ""unit.cavalry.margin_observance"", ""unit.cavalry.mire_courts"", ""unit.cavalry.morrow_spore"", ""unit.cavalry.red_sluice"", ""unit.cavalry.reedbound_council"", ""unit.cavalry.rimehorn_clans"", ""unit.cavalry.sable_steppe"", ""unit.cavalry.saltwind_remnant"", ""unit.cavalry.sepulchral_synod"", ""unit.cavalry.underhush_exchange"", ""unit.cavalry.unsealed_companies"", ""unit.cavalry.velvet_meridian"", ""unit.cavalry.vesper_court"", ""unit.cavalry.wardhall_remnant"", ""unit.coastal_warship.ashen_compact"", ""unit.coastal_warship.brine_choir"", ""unit.coastal_warship.cairnwing_concord"", ""unit.coastal_warship.cinder_march"", ""unit.coastal_warship.cistern_assembly"", ""unit.coastal_warship.emberwake_convocation"", ""unit.coastal_warship.glass_tide"", ""unit.coastal_warship.iron_covenant"", ""unit.coastal_warship.lantern_hospices"", ""unit.coastal_warship.manytrack_moot"", ""unit.coastal_warship.margin_observance"", ""unit.coastal_warship.mire_courts"", ""unit.coastal_warship.morrow_spore"", ""unit.coastal_warship.red_sluice"", ""unit.coastal_warship.reedbound_council"", ""unit.coastal_warship.rimehorn_clans"", ""unit.coastal_warship.sable_steppe"", ""unit.coastal_warship.saltwind_remnant"", ""unit.coastal_warship.sepulchral_synod"", ""unit.coastal_warship.underhush_exchange"", ""unit.coastal_warship.unsealed_companies"", ""unit.coastal_warship.velvet_meridian"", ""unit.coastal_warship.vesper_court"", ""unit.coastal_warship.wardhall_remnant"", ""unit.colonist.ashen_compact"", ""unit.colonist.brine_choir"", ""unit.colonist.cairnwing_concord"", ""unit.colonist.cinder_march"", ""unit.colonist.cistern_assembly"", ""unit.colonist.emberwake_convocation"", ""unit.colonist.glass_tide"", ""unit.colonist.iron_covenant"", ""unit.colonist.lantern_hospices"", ""unit.colonist.manytrack_moot"", ""unit.colonist.margin_observance"", ""unit.colonist.mire_courts"", ""unit.colonist.morrow_spore"", ""unit.colonist.red_sluice"", ""unit.colonist.reedbound_council"", ""unit.colonist.rimehorn_clans"", ""unit.colonist.sable_steppe"", ""unit.colonist.saltwind_remnant"", ""unit.colonist.sepulchral_synod"", ""unit.colonist.underhush_exchange"", ""unit.colonist.unsealed_companies"", ""unit.colonist.velvet_meridian"", ""unit.colonist.vesper_court"", ""unit.colonist.wardhall_remnant"", ""unit.guard.ashen_compact"", ""unit.guard.brine_choir"", ""unit.guard.cairnwing_concord"", ""unit.guard.cinder_march"", ""unit.guard.cistern_assembly"", ""unit.guard.emberwake_convocation"", ""unit.guard.glass_tide"", ""unit.guard.iron_covenant"", ""unit.guard.lantern_hospices"", ""unit.guard.manytrack_moot"", ""unit.guard.margin_observance"", ""unit.guard.mire_courts"", ""unit.guard.morrow_spore"", ""unit.guard.red_sluice"", ""unit.guard.reedbound_council"", ""unit.guard.rimehorn_clans"", ""unit.guard.sable_steppe"", ""unit.guard.saltwind_remnant"", ""unit.guard.sepulchral_synod"", ""unit.guard.underhush_exchange"", ""unit.guard.unsealed_companies"", ""unit.guard.velvet_meridian"", ""unit.guard.vesper_court"", ""unit.guard.wardhall_remnant"", ""unit.heavy_infantry.ashen_compact"", ""unit.heavy_infantry.brine_choir"", ""unit.heavy_infantry.cairnwing_concord"", ""unit.heavy_infantry.cinder_march"", ""unit.heavy_infantry.cistern_assembly"", ""unit.heavy_infantry.emberwake_convocation"", ""unit.heavy_infantry.glass_tide"", ""unit.heavy_infantry.iron_covenant"", ""unit.heavy_infantry.lantern_hospices"", ""unit.heavy_infantry.manytrack_moot"", ""unit.heavy_infantry.margin_observance"", ""unit.heavy_infantry.mire_courts"", ""unit.heavy_infantry.morrow_spore"", ""unit.heavy_infantry.red_sluice"", ""unit.heavy_infantry.reedbound_council"", ""unit.heavy_infantry.rimehorn_clans"", ""unit.heavy_infantry.sable_steppe"", ""unit.heavy_infantry.saltwind_remnant"", ""unit.heavy_infantry.sepulchral_synod"", ""unit.heavy_infantry.underhush_exchange"", ""unit.heavy_infantry.unsealed_companies"", ""unit.heavy_infantry.velvet_meridian"", ""unit.heavy_infantry.vesper_court"", ""unit.heavy_infantry.wardhall_remnant"", ""unit.ocean_warship.ashen_compact"", ""unit.ocean_warship.brine_choir"", ""unit.ocean_warship.cairnwing_concord"", ""unit.ocean_warship.cinder_march"", ""unit.ocean_warship.cistern_assembly"", ""unit.ocean_warship.emberwake_convocation"", ""unit.ocean_warship.glass_tide"", ""unit.ocean_warship.iron_covenant"", ""unit.ocean_warship.lantern_hospices"", ""unit.ocean_warship.manytrack_moot"", ""unit.ocean_warship.margin_observance"", ""unit.ocean_warship.mire_courts"", ""unit.ocean_warship.morrow_spore"", ""unit.ocean_warship.red_sluice"", ""unit.ocean_warship.reedbound_council"", ""unit.ocean_warship.rimehorn_clans"", ""unit.ocean_warship.sable_steppe"", ""unit.ocean_warship.saltwind_remnant"", ""unit.ocean_warship.sepulchral_synod"", ""unit.ocean_warship.underhush_exchange"", ""unit.ocean_warship.unsealed_companies"", ""unit.ocean_warship.velvet_meridian"", ""unit.ocean_warship.vesper_court"", ""unit.ocean_warship.wardhall_remnant"", ""unit.scout.ashen_compact"", ""unit.scout.brine_choir"", ""unit.scout.cairnwing_concord"", ""unit.scout.cinder_march"", ""unit.scout.cistern_assembly"", ""unit.scout.emberwake_convocation"", ""unit.scout.glass_tide"", ""unit.scout.iron_covenant"", ""unit.scout.lantern_hospices"", ""unit.scout.manytrack_moot"", ""unit.scout.margin_observance"", ""unit.scout.mire_courts"", ""unit.scout.morrow_spore"", ""unit.scout.red_sluice"", ""unit.scout.reedbound_council"", ""unit.scout.rimehorn_clans"", ""unit.scout.sable_steppe"", ""unit.scout.saltwind_remnant"", ""unit.scout.sepulchral_synod"", ""unit.scout.underhush_exchange"", ""unit.scout.unsealed_companies"", ""unit.scout.velvet_meridian"", ""unit.scout.vesper_court"", ""unit.scout.wardhall_remnant"", ""unit.spearman.ashen_compact"", ""unit.spearman.brine_choir"", ""unit.spearman.cairnwing_concord"", ""unit.spearman.cinder_march"", ""unit.spearman.cistern_assembly"", ""unit.spearman.emberwake_convocation"", ""unit.spearman.glass_tide"", ""unit.spearman.iron_covenant"", ""unit.spearman.lantern_hospices"", ""unit.spearman.manytrack_moot"", ""unit.spearman.margin_observance"", ""unit.spearman.mire_courts"", ""unit.spearman.morrow_spore"", ""unit.spearman.red_sluice"", ""unit.spearman.reedbound_council"", ""unit.spearman.rimehorn_clans"", ""unit.spearman.sable_steppe"", ""unit.spearman.saltwind_remnant"", ""unit.spearman.sepulchral_synod"", ""unit.spearman.underhush_exchange"", ""unit.spearman.unsealed_companies"", ""unit.spearman.velvet_meridian"", ""unit.spearman.vesper_court"", ""unit.spearman.wardhall_remnant"", ""unit.transport.ashen_compact"", ""unit.transport.brine_choir"", ""unit.transport.cairnwing_concord"", ""unit.transport.cinder_march"", ""unit.transport.cistern_assembly"", ""unit.transport.emberwake_convocation"", ""unit.transport.glass_tide"", ""unit.transport.iron_covenant"", ""unit.transport.lantern_hospices"", ""unit.transport.manytrack_moot"", ""unit.transport.margin_observance"", ""unit.transport.mire_courts"", ""unit.transport.morrow_spore"", ""unit.transport.red_sluice"", ""unit.transport.reedbound_council"", ""unit.transport.rimehorn_clans"", ""unit.transport.sable_steppe"", ""unit.transport.saltwind_remnant"", ""unit.transport.sepulchral_synod"", ""unit.transport.underhush_exchange"", ""unit.transport.unsealed_companies"", ""unit.transport.velvet_meridian"", ""unit.transport.vesper_court"", ""unit.transport.wardhall_remnant""]","[""inventory.json"", ""art-report.md""]",,,"Parent observed all 18 improvement choices, 17 blocked, on one eligible woodlot site (docs/hermes-analysis/ui/17-improvements-catalog). All 18 improvement images are already present. This is UI availability/priority hierarchy work, not a request to generate 18 missing assets."
ART-09,Additional static biome variation,P2,optional-readability-extension,36,64px ground tiles,12,0,"64x64 centered at (32,32)",Static,"{""Blender"": ""Optional volume study; no terrain rule generation"", ""PixelFactory"": ""New controlled original/native art with same footprint and palette"", ""handReview"": ""Required randomized region review after ART-03""}",Existing deterministic variant selection currently has exactly 3 slots,"Expand presentation variant slots/selectors, not simulation RNG","One additional tile per 12 biomes reaches the reference heuristic of 4 per biome; optional, not a current binding failure.",Variation quiets repetition rather than increasing noise,[],"[""inventory.json"", ""art-report.md""]",,,
ART-10,Town housing and construction diversity,P2,current-feature-visual-reuse,24,culture housing variants,"{""housing"": 48, ""construction"": 4}",0,"96x96 housing at (48,80); 64x64 construction at (32,48)",Static stage frames; no timer-driven progress invented,"{""Blender"": ""Good fit for modular original architecture/reference camera"", ""PixelFactory"": ""Native deliberate roof/wall/negative-space finish"", ""handReview"": ""Required village/town/city hierarchy and occupied-tile containment""}",Housing currently reuses 24 village sprites; construction uses code-drawn scaffolds,"Respect observed population, existing district selector, work queues and private/fog state","2 additional residential variants per 24 cultures = 48; 4 shared scaffolding states is an optional presentation estimate, not new buildings.",Occupied working towns vary without replacing actual approved civic/improvement sprites,[],"[""inventory.json"", ""art-report.md""]",,,
ART-11,Shared officers in battle,P2,optional-animation-gap,72,new shared animated officer sets (existing count is qualified stills),3,0,"64x64 at (32,56)","Start idle/rally-or-working response only, 2 e/w facings; frame budget follows actual consumer","{""Blender"": ""New marshal/surveyor/engineer rigs or deliberate source reuse with truthful provenance"", ""PixelFactory"": ""Supplied frames->Snapper->Aseprite tags; no automatic culture animation"", ""handReview"": ""Required equipment identity and genuine motion""}",Three existing culture officer types use static strategic sprites in battle; Waykeeper has a cast pilot separately,Explicit officer response/casualty presentation hooks; no new combat abilities for surveyor/engineer,"72 existing qualified stills remain; 3 new shared battle-role sets is a production proposal, not 72 missing rigs.",No procedural bob mislabeled as new motion; preserved support positioning and canonical events,[],"[""inventory.json"", ""art-report.md""]",,,
ART-12,Small resource/status/action icons,P2,native-lod-gap,72,new simplified UI icons,"{""starter"": 24, ""upperPlanning"": 40}",0,16/24/32px based on actual slot; non-square icons require export routing review,Static,"{""Blender"": ""Not a Blender task except concept reference"", ""PixelFactory"": ""Best fit deliberate pixel authorship/Aseprite; add 16/24 profiles if used; paf source/export alone does not validate"", ""handReview"": ""Required grayscale, text association, state/hover/accessibility contrast""}",UI has 72 heraldic assets and uses existing sprites/text elsewhere; no dedicated resource/status/action atlas family,Bind existing canonical statuses/actions; expand small-size profiles and DOM/Pixi asset routing as needed,"Starter 24 = 8 resource shorthand + 8 status shapes + 8 action shapes. Existing 72 are crests/badges/banners, not 24 missing current IDs.",Never replace legible DOM text with rasterized text or color-only status,[],"[""inventory.json"", ""art-report.md""]",,,
ART-13,Portrait/bust option for existing four character roles,P2,optional-presentation-extension,0,shared role busts,4,0,128x160 source; 64x80 thumbnail; current CLI square-profile selector needs extension,Static,"{""Blender"": ""Optional consistent proportion/lighting reference, not finished portrait pixels"", ""PixelFactory"": ""Aseprite supports custom dimensions but current game CLI does not yet route 128x160"", ""handReview"": ""Required face/native thumbnail/role identity review""}",Current four character archetypes use full-body figures; no dedicated portrait images,Dedicated portrait slot and non-square profile/binding; no new named character rules,"Four shared role busts first; 96 culture-role portraits would be a separate optional commission, not an automatic 1.0 requirement.",Faces and travel equipment readable without new lore or traced proprietary designs,[],"[""inventory.json"", ""art-report.md""]",,,
ART-14,Battle ground and siege presentation,P2,current-feature-native-gap,0,background/fortification pieces,"{""starter"": 8, ""upperPlanning"": 14}",0,64x64 ground repeats; 128x128 decorative wall/gate modules; keep scene native scale,Static,"{""Blender"": ""Best fit restrained masonry/earth source geometry or hand pixel patches"", ""PixelFactory"": ""Native tile clusters and explicit seams; no faux-pixel filter"", ""handReview"": ""Required unobtrusive backdrop and honest simulation footprint""}",Battle currently uses a quiet procedural fill/line texture and a simple siege-wall bar,"Ground/fortification graphics adapter; do not imply passable gates, obstacles or cover the rules do not simulate","Starter 8 = 5 land surface patches + 1 naval water patch + 2 siege stage modules. Decorative, not new tactical objects.",Clarify land/naval/siege identity while keeping soldiers and event targets dominant,[],"[""inventory.json"", ""art-report.md""]",,,
ART-15,Chronicle/menu/prosperity-victory visual polish,P2,optional-presentation-extension,3,illustrations,"{""starter"": 5, ""upperPlanning"": 8}",0,640x360 menu/victory; 384x216 chronicle plus 256x144 narrow variant,"Static, load on demand","{""Blender"": ""Optional original composition blockout"", ""PixelFactory"": ""Aseprite vignette-384 profile exists; CLI selector/non-square routing must be extended; paf only processes sources"", ""handReview"": ""Required responsive safe areas and historical truthfulness""}",Current menu/chronicles/prosperity result exist; 3 DOM material WebPs are not illustrations,Bind actual screens/events; no illustration for unimplemented victory paths yet,"Starter 5 = 1 menu + 1 current victory + 3 generic chronicle chapter vignettes; narrow alternatives are additional exports, not extra narrative events.",Preserve political/hearthland focus and readable DOM text; no exposed Ashfall explanation,[],"[""inventory.json"", ""art-report.md""]",,,
ART-16,Native strategic idle rollout,P2,optional-animation-gap,4,qualified near-map idle clips,"{""phaseOne"": 23, ""upperBeforeNewRoles"": 215}",0,Use existing 64/96 contracts and exact pivots,4 frames at 250 ms for se idle; no unconsumed movement/action states,"{""Blender"": ""Possible source/rig motion but preserve established culture bodies"", ""PixelFactory"": ""Native frame registration, Snapper/Aseprite clip metadata, hand temporal finish"", ""handReview"": ""Required foot lock/equipment/loop and live stopped/reduced-motion review""}",Near world renderer ticks idle; generic guard/scout/colonist and one qualified Ashen scout animate,No new mechanics; far and fogged views stay static; exclude still DOM heraldry and portraits,"Phase one: 23 other-culture scout idles; upper 215 = 24 cultures x 9 strategic unit roles minus existing 1 qualified scout, not all 431 static assets. Existing 4 includes 3 generic idle fallbacks.","Motion subtle and real; no universal floating bob, stable corpse/action logic irrelevant on map",[],"[""inventory.json"", ""art-report.md""]",,,
ART-17,Additional strategic facings and action families,P3,future-consumer-only,0,qualified direction/action sets,,0,Existing 64/96 native; six strategic directions only if movement-facing design is accepted,Scope only after map action playback/LOD requirements exist,"{""Blender"": ""New shared rig/facing adapter feasible, not implemented by stock shrine"", ""PixelFactory"": ""Aseprite supports supplied clips but does not generate them"", ""handReview"": ""Required per-facing asymmetry, screen-space light and motion-union checks""}",Current world playback is se idle; no movement/action playback consumer,"Presentation design+direction selection+animation budget, not new unit rules",Do not estimate 431 assets x all states. Select actual moving roles first; quantities depend on consumer and mirroring policy.,No unused animation commission masquerades as a current P1 hole,[],"[""inventory.json"", ""art-report.md""]",,,
ART-18,Culture-qualified battle animation sets,P3,optional-future-identity-expansion,13,qualified animated culture-role sets,312,0,Current 64/96 unless measured review justifies exception,"64 frames per set across 13 current roles x 24 cultures; 19,968 frames if fully commissioned","{""Blender"": ""New culture rigs/materials/equipment, not palette swaps or 13 shared originals mislabeled 312"", ""PixelFactory"": ""Controlled render and substantial deliberate pixel/temporal finishing"", ""handReview"": ""Very large review load; gate a single culture / role first""}",Current battle deliberately consumes 13 shared roles plus existing culture banners,New optional qualified battle identity routing; explicit residency/paging budget,"312 = 24 x 13 qualified sets; 13 shared sets remain fallbacks and are not subtracted as qualified culture originals. Future scope, not missing current binding.",Actual cultural silhouettes and native readability; preserve shared-mode fallback,[],"[""inventory.json"", ""art-report.md""]",,,
ART-19,"Reserved monsters, generic mage/commander and map sites",P3,existing-art-without-consumer,7,reserved static asset subjects,0,0,Current 64/96/128 native,Only scope additional clips if actual mechanical content is introduced,"{""Blender"": ""Useful creature/architecture authoring lane after canonical brief"", ""PixelFactory"": ""Native editable sources already retained; no new generation now"", ""handReview"": ""Not 1.0 approval; inspect when bound""}","Three monsters, unit.mage/unit.commander, map.resource/map.watchtower are not current live IDs","Canonical definition, actual observations/UI, rules/save/replay and LOD hooks first",7 reserved subjects listed; generic map.resource does not replace the 8 current canonical deposits. Extra effects / terrain reserved IDs are separately inventoried.,"Do not invent monsters, sites or whole magic systems just to consume art","[""monster.quarry_ogre"", ""monster.revenant"", ""monster.slateback"", ""unit.mage"", ""unit.commander"", ""map.resource"", ""map.watchtower""]","[""inventory.json"", ""art-report.md""]",,,
ART-20,"Future magic schools, rituals, weather and disasters",P3,future-mechanics-only,2,new visual effect families,,0,32/64/128px pooled pieces;256 px maximum localized baseline if actually required,States/timing defined by future canonical events,"{""Blender"": ""Good for geometry-based effect sources; not unlimited VFX authorship"", ""PixelFactory"": ""Aseprite / source pipeline handles supplied frames; no paf animation generator"", ""handReview"": ""Required lore/target legibility/alpha/perf review""}",Only current Cinder thread/Bound ward are live spell consumers; existing generic magic art is reserved,Canonical research/spells/rituals/weather/disaster rules first,No invented missing 14-schools-by-20-spells quota. Quantity TBD from accepted mechanics.,Art must not reveal the Ashfall cause or grant flight/tunneling/blood-magic mechanics,[],"[""inventory.json"", ""art-report.md""]",,,
AUD-01,Audio runtime and provenance contract,P1,missing-subsystem,0,audio pipeline,1,0,48 kHz / 24-bit WAV masters recommended; browser-encoded OGG/MP3/AAC as tested,Event-driven presentation; pause/skip/speed/reduced motion policies explicit,"{""Blender"": ""Not supported audio authoring"", ""PixelFactory"": ""Not supported audio authoring"", ""handReview"": ""Listening/mix/license QA required; separate DAW / Foley pipeline""}",No audio files or playback API found; existing UI/world/battle events are prospective sources,"User-gesture unlock; master/music/SFX/ambience buses, persistent mute/volume, bounded voices, load/error fallback, visibility policy",One new presentation subsystem. Current game is silent in code/inventory; not a failed listening test.,Audio never mutates simulation or reveals fog; battle crowds do not spawn one voice per soldier; keep all text cues,[],"[""inventory.json"", ""art-report.md""]",,,
AUD-02,UI feedback starter set,P1,missing-audio-assets,0,rendered one-shot files,10,0,"48 kHz masters, compressed runtime; mono / short stereo per cue","Short one-shots, no constant hover noise","{""Blender"": ""No"", ""PixelFactory"": ""No"", ""handReview"": ""Required tactile low-volume listening""}",Current menu/selection/confirm/cancel/error/tab/window/save/load/end turn UI,AUD-01 + actual UI bindings,"10 distinct cues, one clean variation each initially. Proposed queue not existing filenames.",Quiet wood/cloth/paper/metal; no loud game-show chimes; keyboard and touch behavior supported,[],"[""inventory.json"", ""art-report.md""]",,,
AUD-03,Campaign event Foley/notification starter set,P1,missing-audio-assets,0,rendered one-shot files,24,0,48 kHz masters; stream/cache tiny cues by event category,Two variations each for 12 cue families,"{""Blender"": ""No"", ""PixelFactory"": ""No"", ""handReview"": ""Required contextual listening and repeated-turn fatigue test""}","Current movement, paid construction, completion, recruitment, research, survey/refit, war/peace/siege and economy events",AUD-01; observed/local-player event filter; avoid opponent private-turn audio leaks,12 families x 2 variations. Event taxonomy must be reviewed before final filenames.,"Tactile, grounded sound with non-auditory equivalents; no implied new mechanics",[],"[""inventory.json"", ""art-report.md""]",,,
AUD-04,Battle role/effect Foley starter set,P1,missing-audio-assets,0,rendered one-shot files,48,0,48 kHz masters; mostly mono positional stems; restrained stereo magic,Three variants each for 16 material / action families,"{""Blender"": ""No audio output; rig markers may provide visual timing reference only"", ""PixelFactory"": ""No"", ""handReview"": ""Required transient/loop/tail/mix/clipping / headphones QA""}",Current melee/projectile/horse/hull/hit/death/rally/ember/ward battle events,"AUD-01; event timing mapped to presentation, cancellation on seek/pause and voice caps","16 reusable families x 3 variants; not 13 roles x 64 frames and not per-soldier notifications. Voices optional, not required.",Clear weapons/cloth/wood/water; combat weight without clipped transient pileups or state changes,[],"[""inventory.json"", ""art-report.md""]",,,
AUD-05,Biome/settlement ambience beds,P2,missing-audio-assets,0,loop masters/runtime beds,6,0,48 kHz stereo masters; phase/loop-safe compressed versions,Long quiet seamless loops/crossfades,"{""Blender"": ""No"", ""PixelFactory"": ""No"", ""handReview"": ""Required seam-free listening at low level""}",Current world/coast/settlement context; no ambience player exists,"AUD-01; only current known local context, visible-screen or selection-based mix","6 starter beds: settled hearth, open field, woodland, wetland, high cold, coast/sea. Not 24 culture anthems.","Inhabited, weathered world; avoid unrealized storm/weather cycle implication",[],"[""inventory.json"", ""art-report.md""]",,,
AUD-06,Original musical identity starter score,P1,missing-audio-assets,0,music compositions,5,0,48 kHz / 24-bit master+mixed runtime; optional stems separately scoped,"Menu, quiet campaign, tension campaign, battle, aftermath/current victory","{""Blender"": ""No"", ""PixelFactory"": ""No"", ""handReview"": ""Composer/listening/mastering and rights QA""}",Current menu/campaign/battle/chronicles/prosperity surfaces; no music code,AUD-01; state-aware crossfades and muting; no full orchestra assumption,"5 compositions; durations/stems commissioned after audition, not fabricated elapsed minutes. No external generative account is configured by these art factories.","Restrained modal/bowed/acoustic/wood / metal palette; world warmth and uncertainty, not constant cinematic triumph",[],"[""inventory.json"", ""art-report.md""]",,,
AUD-07,"Voice acting, faction chants and future magic audio",P3,future-content-only,0,voice/music/effect groups,,0,TBD by localization/voice scope,TBD,"{""Blender"": ""No"", ""PixelFactory"": ""No"", ""handReview"": ""Required casting/pronunciation/rights/localization and listening QA""}",No dedicated voice or new-magic consumer,"Approved script, languages/casting and real mechanics first",Not required just because 24 culture kits exist; no estimated dozens of voices without a script.,"Do not replace clear text, invent dialogue as history, or clone unlicensed performer voices",[],"[""inventory.json"", ""art-report.md""]",,,
